{"cameraMode":{"drawMode":0,"name":"Shaded","section":"Shading Mode"},"sceneLighting":true,"audioPlay":false,"sceneViewState":{"m_AlwaysRefresh":false,"showFog":true,"showSkybox":true,"showFlares":true,"showImageEffects":true,"showParticleSystems":true,"showVisualEffectGraphs":true,"m_FxEnabled":true},"in2DMode":false,"pivot":{"x":-0.02107369899749756,"y":0.07723528146743775,"z":0.01678413152694702},"rotation":{"x":0.048645954579114917,"y":0.4328436553478241,"z":-0.02336590550839901,"w":0.8997247815132141},"size":15.15595817565918,"orthographic":false}