{"cameraMode":{"drawMode":0,"name":"Shaded","section":"Shading Mode"},"sceneLighting":true,"audioPlay":false,"sceneViewState":{"m_AlwaysRefresh":false,"showFog":true,"showSkybox":true,"showFlares":true,"showImageEffects":true,"showParticleSystems":true,"showVisualEffectGraphs":true,"m_FxEnabled":true},"in2DMode":false,"pivot":{"x":-3.2642593383789064,"y":-1.5221753120422364,"z":-6.726768493652344},"rotation":{"x":0.11521509289741516,"y":-0.01498278509825468,"z":0.0018686591647565365,"w":0.9931168556213379},"size":22.11206817626953,"orthographic":false}