{"cameraMode":{"drawMode":0,"name":"Shaded","section":"Shading Mode"},"sceneLighting":true,"audioPlay":false,"sceneViewState":{"m_AlwaysRefresh":false,"showFog":true,"showSkybox":true,"showFlares":true,"showImageEffects":true,"showParticleSystems":true,"showVisualEffectGraphs":true,"m_FxEnabled":true},"in2DMode":false,"pivot":{"x":-19.719999313354493,"y":0.1099998950958252,"z":-12.670000076293946},"rotation":{"x":0.0043583218939602379,"y":-0.2202531397342682,"z":0.0011232908582314849,"w":0.975323498249054},"size":2.350630521774292,"orthographic":false}